Feature1,Feature2,Feature3
21.334521741568395,69.12423218805178,27.144478271022944
21.836738758033764,67.62818946897612,26.956245920392167
21.59248592847633,68.28990382628494,27.320356133141143
21.567005362805446,68.26656614896652,26.93811663464569
21.72682799260987,68.30071734198904,26.691629948481875
21.631439510378662,68.46274607876173,26.970797863856294
21.396748908472137,69.15348248197905,26.90362004935157
21.377963734451605,68.13234176899631,26.86379271146547
21.42880040319917,68.6300569047958,26.89161006712176
21.53917488854673,69.37211393322103,27.019253288676243
21.422601242085193,68.947235540053,26.99199138242919
21.601854003297554,69.7168333039657,26.96501761021104
21.613057204551023,69.24578538978264,26.58253357980152
21.352358694466044,69.95590368523852,26.553807193453206
21.324608003410837,68.53384828005963,26.832189154147958
21.602100081052082,68.97869895159121,26.692480165576065
21.65128385637139,68.82525145469128,26.981351197998485
21.390282418229013,69.39484572236992,27.033426139899074
21.66141722847481,68.77285904525252,26.82190169053306
21.59546395483087,68.86165486924091,26.652554140894136
21.325770336476896,68.93044899914707,26.55838434203508
21.495096022974373,68.59096628529315,27.09360037971001
21.649625169256204,68.10010494636336,27.077930625454403
21.417999833416754,68.90548409596441,26.72264561237822
21.68185789584278,68.75448607222775,26.710584410568615
21.738854153880467,68.73087662560769,26.8405221468104
21.844778219694483,69.1072988460376,27.025325500653643
21.45276018452055,68.20922940714833,26.940970442090023
21.66994860608763,68.4292467499064,26.694913352583253
21.43911435765995,68.74847203825381,26.83349959139215
21.69804959166952,68.63392422278581,26.903579710976317
21.348431338861804,68.86688138334983,26.687800058333092
21.227179518458186,69.53463279616662,26.915847362963927
21.273531006213204,70.08407531352101,26.604996961534304
21.252169131071824,69.43536951916316,26.79010330154365
21.47084004221062,67.36149612516452,27.290050629206508
21.336450634766198,69.05984615716571,26.98713401202663
21.6466958974814,67.82621671867626,26.75129952860633
21.684132084763526,69.2202562985392,27.164430029729566
21.606089103761203,68.88400160577186,27.16628662132931
21.568034107621866,68.8897869084609,26.738165747181345
21.597168171737025,69.26076581398073,27.073294275888497
21.38007453991326,68.91704135131,26.873681490939024
21.22094574519718,69.49196755847069,26.908379562490467
21.32667492487114,69.50374138009242,26.653266932331235
21.575047407150098,68.59811200971608,27.196893312917073
21.483890653860733,68.74252288389795,26.835818132120018
21.015553736831343,69.65490657155924,26.500422998974692
21.58888584390609,68.24074297379967,27.317214792802876
21.815898786349315,68.87243709326789,26.968214433041556
21.473626850994595,69.97060500540914,26.538939343038912
21.5303072829451,67.1691299127226,27.158310124067743
21.51653919206313,69.35959732856752,26.749483526804315
21.62269893206289,67.75534721707749,26.917567551508963
21.44519161153558,69.02990433389145,26.941259446108344
21.457604095304063,68.35200583902575,26.752572707766056
21.892592152160574,67.34995334067884,27.037587134771094
21.485817985412076,69.16168401399841,26.787093046454444
21.40591094661607,68.38315328936199,27.04389932420418
21.341767703033003,68.08690510996094,26.88782122812841
21.54237323727798,68.37829246368332,27.042708746934565
21.500753758542377,68.5158387035976,26.922796701069924
21.289512086586047,69.75376752731465,27.06664629719236
21.400730028670438,69.73719437197406,26.414745465530828
21.704835865524096,69.03233175487726,27.155055210976244
21.283887955650183,67.88350152261668,26.907623931146823
21.740603120853446,68.64372027268223,26.900212405578447
21.440403796552708,68.4512509961584,26.805414129785486
21.44512127951784,68.2762892515266,26.82683055791999
21.730161939372028,67.06945640782925,27.290338490213667
21.133379028285642,68.14242292945933,26.812299375372973
21.418669814825382,69.15895111827969,26.56476786110201
21.367148517915606,69.06982873109054,26.831756643400755
21.611395128790555,69.093271411104,26.779036817174582
21.626903210363313,68.67134521710582,27.06746942121485
21.54702153252368,68.9704211893008,26.939031067092756
21.503179368147308,69.60540811663351,26.594400275105425
21.377226110458682,69.5429476888436,26.741852084720865
21.449116952799653,69.075131044184,27.057809860105785
21.60287627350596,68.487202091596,26.97289056549311
21.59170578870163,68.62938666371528,26.894820811258146
21.399972336500966,68.60636035284412,26.879655830018777
21.408627519355928,68.94476501268012,26.859636124663066
21.742620016700485,69.03237305410181,26.86685257303927
21.563052973021275,68.97075326772506,26.911680622288536
21.72935949104926,68.07373223418865,26.77940626555123
21.403796506840642,69.01679936896744,26.874525603253552
21.673358186404933,67.56338527956045,27.149891883878716
21.98330920668356,68.32277309828335,27.267818263876674
21.392028876382355,68.9294585094726,26.716932564356107
21.6744395364106,68.71498375337458,26.819723145503854
21.38610541354529,68.4907013587335,27.11915047249627
21.53686234983158,69.10475405510043,27.076303233955898
21.242782463566986,69.45971238782685,26.992021794873544
21.617404147534213,68.88065839975388,26.883348533872816
21.62223595284827,67.90804813307597,26.83830853446838
21.722581685025613,68.80769030242558,27.01868565918508
21.59876018200353,69.13512910804405,26.72535583663624
21.64886381070151,68.96451747744035,26.959307320310874
21.537886732450794,68.68544413192056,26.958891627918206
21.348153323324837,69.79589700118719,27.190513653121297
21.557084576773278,68.66977384042553,26.861897619849675
21.48381326913591,68.55083862503992,26.902556388657427
21.549778795928646,68.94075041167419,26.666479026525973
21.68811396737288,68.81303442411519,27.10594350777053
21.269327505292004,69.62467497835829,26.95390979828059
21.861290875206144,67.95087252396598,27.129214666038447
21.466191840287138,69.4518838574401,27.08459180870518
21.40124459335332,68.46081261459807,26.868579417411006
21.19202126838342,69.4340317792089,26.873754808388753
21.50341680495015,68.01319474016822,27.163994713748117
21.540078221262178,68.26657814320133,27.01930004113474
21.626435393137754,68.27602737871409,26.97683489734531
21.83697575194957,68.69854375059413,26.85784045508686
21.33814956241322,68.69089622532368,26.923998163923482
21.56407932353035,69.09239014212194,27.03807745339464
21.34791712095124,68.55310440204848,26.98734859583217
21.469618057984096,69.21411180852354,27.076458133044525
21.18360092318459,69.59194759689825,26.964495525864766
21.269939900031854,68.7050230630621,27.02188064033436
21.654934120619735,70.16771662441445,26.841064094047958
21.290021172914425,68.58528611868898,26.71365975555354
21.4870961800268,67.55954198282801,27.013849667708097
21.630466852826434,68.38730088724732,26.65621102419987
21.558421296551018,68.25532964573055,27.098954549607168
21.647441371205733,69.21355583610774,26.442911958007453
21.670736804151552,68.37838919565455,26.86574316763498
21.483399335405462,69.41524291994875,26.80959110312383
21.506496096980996,68.13525166380522,26.845965858056744
21.728872366556132,68.41851589186707,26.834799437998694
21.49451563674232,68.80516770597508,26.933238283335182
21.389610417196682,67.22961579491174,27.271216234105108
21.623102939771332,68.31371851015994,26.697978649369233
21.63772800517969,69.2258541892851,26.866568452802877
21.657420424020913,69.21528599899156,26.74533221305324
21.563660574405805,69.04330809754599,26.767087504810235
21.497314383421166,68.2329182681587,27.09792926953227
21.539398293872043,68.65643543217232,27.224687961981548
21.529120803331562,68.50633187357364,26.36902193292634
21.715219895659587,69.14177816864131,27.161378614554287
21.597524699883056,68.09392272642886,26.898792354144145
21.804114501172364,68.75948321755017,26.83829954369837
21.60957917511467,69.24576425602613,26.7928238829037
21.432082246314014,69.22730204291118,27.00316205923194
21.42659062985671,68.00232320172535,27.117491687818823
21.35133402957776,67.85671940707584,27.211143359054393
21.598921157190546,68.65016533712551,26.692356505947657
21.635682330012475,68.75348272508573,26.94018468754312
21.573972577604238,68.38823660258298,26.804297770383585
21.58508662928904,68.57792678854065,27.07789568600262
21.37698353790822,68.80149167476276,26.941967578230546
21.714240796270445,68.70586963657885,27.014224734731297
21.70279493675423,68.30666072603613,27.093030432511448
21.75902532459483,68.63900997368671,26.871493887771692
21.65184958495976,67.36798640947848,26.823291419898503
21.68134621101131,68.06679213013697,27.03364797035099
21.444852877933965,69.92215754265047,26.72415021230877
21.48378136839671,69.48934274505109,27.10189114451707
21.72650599834648,67.94972962235856,26.920984892885706
21.493425403304226,68.54712002935466,27.28356196672831
21.59540056580612,68.9845906567892,27.093313933618266
21.55275764559547,68.51314223540717,27.041909044379366
21.168290532597773,68.3098205406715,27.377285785877493
21.334927596313964,69.05781533649288,26.844134912692883
21.406547248274833,68.58578871259822,27.17963068319171
21.620718201101575,68.87214779641943,27.12864954349641
21.345773250097444,68.09078606453146,26.844990965302
21.536275216555858,68.6056868371171,27.20721132793291
21.38459911475207,68.8588395099834,26.76606114095875
21.602009491250165,67.77671541384194,26.892456864174136
21.41751824853838,69.4035181907867,27.04569888710268
21.601203882749786,69.07614256269125,27.120159661218796
21.579342755712776,68.34563708549221,26.755564371501855
21.52376087393755,68.28606060599343,26.531235402711552
21.731191174919655,69.20296585660223,27.071567474677376
21.51831438785066,68.2221916704053,27.111881857751563
21.382493806770484,68.50821976551056,27.08295165581411
21.535365295258618,70.1296544986857,26.80622006080722
21.55070267013155,69.06616577037775,26.635294241964893
21.691747614399215,68.43573180510154,26.825166104768595
21.506406074095477,68.42380521574239,26.660276331625965
21.432950038599806,67.57128666121716,26.929734680890753
21.592687899527345,68.32847978958476,27.0012592411335
21.53289642633543,68.001622917924,26.899368724857815
21.34654310079907,70.42405991434843,26.776106606316425
21.59153343950772,68.89375847612608,26.179613062318023
21.587105713047094,68.14958485866428,27.259659983811652
21.444078918551877,68.1334999978158,26.88239618688759
21.583924895626463,69.88248946496759,26.9135931931411
21.54964483144103,69.38968155936756,26.73866127862609
21.531358257704348,68.28974832056002,26.59674893414791
21.295126530677944,69.44418116806166,26.884771537611012
21.537045586931026,68.69931233791493,26.878672740089897
21.67290198618508,68.58204716275843,27.26981314371877
21.40232001208364,68.9995757655263,26.84382837184386
21.475417574880463,69.27568926620488,26.742880409412326
21.4240232986827,68.73647648247834,26.951363576168685
21.56407673446538,68.60898242349643,26.53325280309539
21.736969661690686,67.7807311193685,26.899906967835896
21.23908107779275,69.50469892991448,27.072657985666524
21.53730890343154,68.92871301796174,26.917772832985026
21.529223703257763,68.77791660254181,26.907854845388698
21.599696734025038,68.26216683828537,27.074613643917573
21.68471688289805,68.77011498150317,26.675949135184883
21.53360172118495,68.69683705752718,27.039890982774967
21.21873121178812,69.1036042191356,27.05815745564973
21.39979932915095,69.80537877987756,26.68553010892405
21.77782969759503,67.22773872849248,27.006084725151045
21.55273557422311,67.83971977195434,26.9155906570886
21.565051304817512,68.8814866805504,27.09110641094117
21.392848195873665,68.34759254496684,27.015388455199627
21.841627573740357,68.96917856897095,27.232581917531135
21.648061899263464,69.51833097280173,26.55724210943429
21.439794265356536,69.21742242427551,26.815013383684246
21.652207884965943,67.66684572313348,27.19747646770302
21.378055849809847,68.44341675041048,26.997687294756364
21.39161152756461,68.99121738699785,27.101064958556794
21.392438159084815,68.66938325711867,27.081549593101307
21.465956638765178,69.4055291668794,26.847953659196996
21.466262721690093,70.24799721941416,26.62876409834895
21.352980551877202,68.81002468968478,26.944793499110606
21.43089995961517,68.94656825477247,26.67028998075475
21.60632629198357,68.79545823283634,26.952428995033216
21.39377622808344,68.6964335552335,26.812256394274605
21.783492202483412,68.59384842296708,26.92191882190436
21.461716223999783,69.0879826140359,26.828957643678148
21.725986887910747,68.29866317507513,27.155480997526766
21.483179780205496,68.26780000547163,27.44406401874587
21.665522819328785,68.24008780264008,26.765789821648706
21.780598839068624,67.57693681913744,27.088848862326497
21.624386819505183,68.6260922287575,26.663946681991924
21.661231874494057,69.57557713333162,26.900749899633276
21.43715200521178,68.60291623904429,27.088566392365962
21.530185999571827,69.20635328592975,27.363160334586205
21.421553400894407,68.88614472113274,26.9396738456438
21.556888730683074,68.76342091920893,26.972598259680506
21.708459135589536,69.01731045513797,26.87232371798693
21.370878543416293,69.20192997482486,27.035856386921914
21.656278625571346,67.96242531237729,26.720484044774345
21.54903221923866,69.16750219577725,26.9987504846944
21.496483512603493,68.90664033245858,26.66571759929821
21.452574068518384,69.35355918418578,26.91137933619032
21.159352874392567,70.42421588552452,26.967145384695893
21.500239530013918,68.6117077696462,26.926660749184766
21.76118268851255,67.95060917206087,27.116245037889783
21.66504048915369,69.37438267661146,26.783623904806195
21.49373328541206,69.40792393705499,26.714426682839854
21.673118823431178,67.71129676897162,27.204483830003596
21.704441262395033,67.68423608282102,27.287088978686793
21.38304099191161,69.1534699447057,27.06447959973367
21.440410872474626,68.62732741313633,26.823824429933712
21.565132130204375,68.35939452464359,26.879066735245424
21.683682835739084,67.96068481396716,27.016046360658176
21.21307079412588,68.53150300486708,26.965196060014584
21.661050699960757,69.22105125040385,26.958163780228308
21.424797842412545,69.9729944571548,26.802796286115075
21.36937849217823,69.3959322758308,27.021237285636435
21.39763493953247,68.6784914688769,27.004457639550587
21.621916474103745,68.4057244866485,26.95736355570551
21.557869783874562,68.96659925617921,26.800293564899512
21.571569390131284,68.17417777135016,26.708089967919737
21.531183785789416,70.56301186357238,27.024237799155426
21.65969088532225,68.989123514813,27.10575463877177
21.561580416756513,68.17770896408712,26.81710481816142
21.584221765491293,69.32525356402995,26.299340084774713
21.447249286598712,69.20049245594697,26.82922082128157
21.509674237494735,68.36935982621283,26.835449697381776
21.67694206910456,67.76166107787178,26.865791751227977
21.125771750819155,68.91749001366895,26.866127932936532
21.580950240427434,67.87627088241716,26.964685951118668
21.53401764784049,69.32954587435832,26.932668699650655
21.496147391299168,68.96702483425402,27.246999891688837
21.518392991050952,67.95075418938238,27.061437345366045
21.628450956530422,68.47017800733649,26.773464859471407
21.296275999376284,68.92263759392978,26.936207340701706
21.43408870193655,69.58708785902868,26.88152082822781
21.518868263004588,68.9154891598141,26.91378648326016
21.740622108599016,68.41278249312549,26.830861886545403
21.45203725819474,68.17703612656379,27.045965242125728
21.513574821362976,68.9568324642655,27.16664295658744
21.354824794564852,69.31285157974438,27.091021118097544
21.55712600758803,68.79771990422387,26.658796998451425
21.59295446766237,68.31106381402908,26.80562718217564
21.702800367562322,68.50872066588332,26.964791127853438
21.487360495513837,68.8191808352946,26.71813082006923
21.363867156061612,69.22285915433531,27.04716296288761
21.553948224109472,68.9964422151896,26.9878849455558
21.46976368375419,68.69655944520589,26.83060371404637
21.490923695966114,68.57933845046142,26.812178305942197
21.435097724588246,69.75912084853815,26.78580721445493
21.2818536718053,69.1172952410771,27.064398705234446
21.390674086055405,68.13247822846026,27.208726569064055
21.505221552195064,69.53110253194714,26.575231324451043
21.49853104272614,69.26326359727814,26.827966421311977
21.51897689846958,68.9916274582929,26.866850402339992
21.628123264214985,69.40571165795309,27.040698266702726
21.25432220638777,69.05787513807786,26.710043051843503
21.332272173341334,68.18671790882092,26.92980949402626
21.386246218133106,68.90761650184457,26.718567623564585
21.44050360979024,67.88695193437546,27.093254484976015
22.59416615799956,65.55182139957773,25.235750589495748
22.583163198543197,65.22044748040315,25.358577592616264
22.61340549674616,64.68348596862863,25.479390297341702
22.74804966852817,64.74571856133859,25.694760876010022
22.366446707024377,65.09335705268786,25.52658275984014
22.59169309487562,65.41091007788,25.31733825049204
22.84175603438928,64.65293016952023,25.487660371694194
22.802203687142182,64.5075099873535,25.63453518965278
22.66432704653438,64.37313623053538,25.513966940348148
22.762238489831834,64.51413653073715,25.345051020957463
22.601878394684896,65.58409515161976,25.186429519381782
22.548835843300637,64.79568441494332,25.734809659255816
22.736818259561304,64.37351860335248,25.503733501963307
22.64029118001326,65.21591598215456,25.48056028050464
22.504249403333237,65.04433487401609,25.145753385824708
22.45924036815054,65.79146699288414,25.705373759863118
22.649186085286825,64.83037367143743,25.566321728646702
23.015888490727843,63.80206171265544,25.75797944541221
22.728951105561745,64.91893448666299,25.315045548599635
23.04467197405567,63.57781698550943,25.49495572979578
22.703911361807386,65.30127972834377,25.90482048640418
22.571278838299538,64.80896148807246,25.593730773469453
22.55303180935312,65.18379494699501,25.747098035225612
22.709787088044497,65.82598971122276,25.403850822400162
22.462950702875563,64.8233219392524,25.549756426568496
22.43250678869669,64.76646505951629,25.57764855159525
22.648669920615404,65.56600050739983,25.486219011798145
22.420327844919214,64.81657487937574,25.501865834440192
22.572203969268934,65.69307139899841,25.631374073057465
22.868160773241375,64.62415421874127,25.59346875239659
22.64769718412364,64.76817524071978,25.580681113634366
22.231703462223688,65.7601323631444,25.259145656584195
22.446984432797937,65.73114215180986,25.312304265091747
22.72354737633635,65.1888516398642,25.294605950772823
22.447012450857027,65.80869787323113,25.36268415981844
23.01932603507175,64.97299151352912,25.356317086484164
22.545210856907126,64.84241937502738,25.557466198050278
22.638435823125448,66.05682093908436,25.186330967289507
22.47218919986713,66.0267587342694,25.439215592015184
22.792353410850648,63.93458571781202,25.963377755765144
22.695057508890386,63.80281738362307,25.44930774271623
22.503243413021725,64.11388585220656,25.590436767196074
22.591889120025407,65.31145080859362,25.44558019674133
22.7081859548133,65.66121206076929,25.271957579241764
22.660585634256957,65.19464076269695,25.59886465231022
22.754175458096277,64.70071459702648,25.471085055910933
22.43607239086719,65.08522391983995,25.3057852946571
22.806478402042387,64.82941447114356,25.479338194643542
22.534495758204724,66.02564041893517,25.639778498219258
22.66615749640708,64.9564139825882,25.801873680738915
22.565804308363028,65.98373498176159,25.45201380848988
22.388868272797232,66.42881413231395,25.398766552324005
22.755660828174253,64.64796307147033,25.737195913571355
23.134019784428048,64.77558155381122,25.59026928209085
22.59254125811792,65.28146526964447,25.247413562877774
22.74129166089587,65.32634732837009,25.7660850322403
22.54951018164342,65.05502965501977,25.313652008185464
22.709339440829172,65.18599390372161,25.462466211190712
22.608825582241806,64.54989257615298,25.604798599189877
22.568761211324816,64.39502070009361,25.670874682926367
22.411946663772216,65.9451681342876,25.329386111479543
22.76175892432144,64.63910535274582,26.020943209522773
22.775746661674702,64.67153345719093,25.6190119382776
22.606037329354667,64.94417345393424,25.51635297852922
23.0676042864938,63.441838239252505,25.74282232762328
22.475137450008557,65.66656454809205,25.52101771746451
22.624131494396437,64.27566991411447,25.60429413823766
22.83056506411332,64.45457967124062,25.55426392357297
22.827461074560073,64.14280892562701,25.48308432655137
22.75931731014714,64.56597951017268,25.506792983568587
22.849663400864507,64.82843528417634,25.688240719293784
22.479204428696693,64.90615206283688,25.619408684947253
22.49271656403441,65.93943019344266,25.358363336412868
22.61729775726351,65.24764205634709,25.583388724468787
22.55488189176236,64.56090631131043,25.533178855624957
22.497474846236052,65.76696313063007,25.484411338244847
22.537413475704476,64.88337365040074,25.6867935334721
22.419437609984882,66.17191392242869,25.6168181611908
22.756996666175755,65.09490014101374,25.470862419878202
22.546044684690717,65.32504697949837,25.486408481690564
22.471673268610004,64.50308491144784,25.589305444439958
22.82503196267229,65.01648687555024,25.69270859649034
22.629447763198293,64.42404252441109,25.637047632083036
22.649565724421628,65.13754116005734,25.365923921107278
22.43165364577105,65.61268089943948,25.716262437789823
22.670622355903784,65.287898649016,25.42839839171048
22.780712289888687,65.79824668582317,25.670573150222772
22.556667276808213,65.02942033137028,25.53180642297087
22.768515698709084,64.84406921734823,25.42225979526851
22.57153408663125,65.08721433228742,25.582941289593997
22.894333485941218,65.08409996796908,25.555949121466988
22.607985418997735,65.13066971803173,25.275456267175986
22.81785979590301,65.32911252865858,25.340613425403124
22.568439135078197,64.94632107744124,25.56706654520238
22.916646053829524,65.77391367538411,25.52244793177978
22.372859369621096,65.28678827039855,25.569157074362007
23.007072587043723,64.03979054270528,25.603876140931767
22.43523159312252,65.98793362183025,25.45902463360853
22.870653764478185,64.20442635650937,25.659803590969855
22.53317207015848,65.21850781172024,25.91595468572187
22.638433228697423,64.64213054132733,25.021904004993
22.707761907086876,64.38651225706202,25.483857109319864
22.658832817972375,65.32142127793814,25.65252173691785
22.447367261503622,65.37269189226569,25.687835105883153
22.663125619340928,65.4864556508891,25.63126465626442
22.57131822366376,65.85019525986431,25.92177544709425
22.647789018546995,64.98883368692813,25.458522012590496
22.708158497881815,65.32760947063308,25.2546195280848
22.63374376189637,64.17846010091141,25.193112903134452
22.74195673864889,65.57541106747696,25.27688829443745
22.725615098894654,64.24922166918194,25.564516050598037
22.44697229789605,65.65044280116145,25.355503809456646
22.46838338946575,65.09815815395588,25.894776292988922
22.551498013958998,64.84245699252698,25.466311530719594
22.390246937747406,64.90046428216947,25.199081656144937
22.646909175435457,64.86562008309512,25.325745465644303
22.7634925318917,64.65333506225642,25.801953367492562
22.359575068679327,66.16975445570598,25.424715849500593
22.664361062726716,64.96263126682601,25.525448597387797
22.55314327891537,65.07853286397663,25.194944213934964
22.520044233337934,65.04177189684944,25.305216525385678
22.944079736536917,64.71975510618735,25.58151563510098
22.6604524498013,63.347697516003684,25.696069793049613
23.16263518612259,64.45870868690784,25.662801396292096
22.88599116670972,64.20910967893431,25.768101750961762
22.59853654107138,66.29905987206088,25.126634839778916
22.90013848756242,65.13295144518118,25.62200900552911
23.033664243135274,64.77011158842838,25.301806887464245
22.73112283286903,64.07949170494776,25.664745642117797
22.675147435445254,65.70594257896796,25.617250895186743
22.621513593800803,65.1132850392219,25.317045936094843
22.460758133656228,64.56961689717356,25.837496975850584
22.471234530318412,65.140180587435,25.376538350169966
22.58792083501727,65.05035569440504,25.49154522105496
22.301833268522767,65.02940189366448,25.72091666410446
22.399474830629032,64.75597167027748,25.530495944381027
22.775200159860677,65.13886076024777,25.591745654624365
22.706378682557748,64.63894608515582,25.45662641693137
22.598070905318714,65.26449225154924,25.432595271790067
22.60876048795074,65.86276626493964,25.491519627180626
22.61775552005817,66.61297095197655,25.315936826829912
22.642851444182465,66.03288351116232,25.513057878660266
22.326018219726127,65.43028975126869,25.485959338899022
22.71262520688313,64.84748710843131,25.501325959340306
22.6320622463249,63.92958331850815,25.32258840938619
22.509318869413367,65.94775632052509,25.468361587539643
23.105403155476402,64.28797771537991,25.41581421517186
22.47190434312921,64.22394993630476,25.682212806582463
22.67656761258673,65.01826041468688,25.39943625660088
22.759624817127687,64.61515062600658,25.51436501781554
22.470593835550435,65.78415768199424,25.645609898511797
22.67689347795371,63.62480941017337,25.88964583140488
22.547820835801136,64.64278301523522,25.819233819872732
22.444306632103345,65.34748693039809,25.62364367295919
22.507202899175226,65.98086614620087,25.552262526888356
22.554383168566392,66.0476343165256,25.587234390252593
22.47519154875274,65.18224352416276,25.63287377420338
22.95770503936025,64.5300163801703,25.602072781224702
22.64023439370488,64.85811825239203,25.689551193840853
23.23737912174251,64.51855005182578,25.552714977770464
22.85370002227861,64.89803692915726,25.336679511494616
22.81597565049185,64.24078550856642,25.744450457037527
22.367543071004338,65.69185203461382,25.317676007498108
22.56305536812367,65.3199773246165,25.596654985244548
22.86510017780135,65.21357959832105,25.236354173941034
22.56550214552129,64.3438443747284,25.571555714787298
22.516199341939284,64.70968067853933,25.263903722532557
22.90800960612005,64.22472825654654,25.49525007245005
22.46246508271021,64.63682108535883,25.76271733025128
22.681053440367887,64.14956581143876,25.07852426398328
22.8209282537768,63.94290884302879,25.649567300729277
22.712538864548712,65.2927821745732,25.301910182776755
22.766031375451643,65.47698398887074,25.64604617565861
22.483350729756122,65.49017336110047,25.562843585240387
22.929732467932563,65.202823390999,25.865848011398647
22.62272449837688,65.37853828313916,25.331236336580233
22.64412105958482,64.62805437261689,25.892289166666085
22.765820468872672,64.96199701367317,25.402556017602265
22.583203116851987,65.11394736109716,25.458112181660848
22.654761887402227,63.70798639044022,25.794031040980837
22.664285211273445,64.90338368976857,25.579020412057666
22.840171957231014,65.09846170983461,25.683245279442477
22.575121117887562,65.3214843934689,25.596430059886494
22.576320090751004,65.84931819213038,25.574618020646497
22.70770957669205,64.65340112955755,25.243133358207263
22.668688787720924,64.85914695064001,25.345884309968152
22.910503449053028,65.05471798500328,25.3986245959444
22.643735954418887,65.97719759352631,25.524108333568602
22.553836918399877,65.29745469310943,25.3516495012441
22.703535221315754,64.42845853012204,25.600694218814105
22.767717172371494,64.87983803803397,25.590664486919493
22.681178986663024,64.97447690684442,25.54430730914212
22.580230295591086,65.76339031498563,25.382694031888203
22.339017460516455,65.19961247707852,25.52025277778842
22.928808678928597,64.4040882946074,25.577209689449507
22.751111853946004,65.6378494932833,25.272472081202363
22.468970905857454,65.43937410921014,25.224923694798278
22.62740521323489,65.29958839125753,25.53203306415769
22.511480438368796,65.58047464941777,25.28007401266907
22.526561732420465,65.10096228529059,25.375749450681933
22.571848023729906,65.56053943883174,25.856102586041278
22.854325803160535,63.9795121464602,25.598490022707907
22.87751356734484,64.55678483792659,25.718225141774777
22.889684498548927,64.80906354778956,25.743902382157493
22.717555407563896,64.97749227390997,25.777651003229856
23.08076408197692,64.15642780868369,25.48908979914689
22.44775816103886,65.39413303736026,25.632452232801775
22.7329628035849,64.33160569631386,25.987531387208307
22.95967660173694,64.80516611486298,25.76927705133335
22.786781007952033,65.18828748478707,25.719332638730254
22.783502373978283,64.36229515558449,25.505406003640573
22.667460583055576,65.17606553960321,25.502490800383356
22.598438068409674,66.16043756001444,25.247148796108046
22.90337570534878,64.61332837161027,25.474177539264073
22.715815124408135,64.75259512482035,25.716962872533443
23.002992660341555,64.54502538663583,25.56955906811525
22.88891501048174,64.68882322027426,25.363246745743417
22.638627902304986,64.84830949425093,25.672388690086265
22.49554738853623,65.71940316671024,25.293720680923006
22.604080228559088,63.37977727156756,25.787442102432298
22.693928596118923,64.5509170756131,25.20203618280868
22.666010680654775,64.37724458459934,25.64959473039675
22.566735014259027,65.41549125704782,25.463625835228996
22.536201780100726,64.3005460076609,25.655036286207974
22.60147502048138,65.3236435957551,25.505507739961732
22.566289566322855,65.68220984205794,25.471481537303347
22.825572892510344,64.65456518610146,25.19553968635708
22.46885524640089,64.69848113414531,25.32019492332733
22.87112955978664,64.67623413949451,25.754997882894944
22.13773153307844,66.42765035169607,25.372654805635104
22.430185400573166,64.46201380289529,25.680198532048593
22.812798962823823,64.1456538422566,25.898224719352186
22.667132843586238,66.11240835175309,25.623668616386798
22.705587521021545,65.08586640855977,25.606608343367824
22.56060441189537,64.68198738328927,25.85962698441894
22.595345600556172,64.99137899140663,25.415744534400382
22.640842025975555,65.23644397087781,25.38902083381869
22.441237383024696,65.59584298082473,25.55930793382974
22.693434193357962,65.62474737200743,25.325950533575256
22.75708386870302,64.99195019948516,25.399150303150677
22.836835184548313,64.24478872797235,25.424810511249095
22.57230862115639,65.53714711441923,25.751767472582827
22.786292690449855,64.33288732413209,25.612760561243025
22.598848458710197,65.36884206361219,25.09999342271936
22.461810672665074,64.74445620677119,25.509839568973177
22.75723076721767,64.88987289059415,25.383002355824875
22.35433567569609,66.17245930699487,25.33618474110454
22.760794498071014,64.17018070315223,25.808298262868586
22.53613272039888,65.46170507268748,25.451325214442946
22.68473726202897,64.79098717311409,25.49426587545452
22.600790716668964,64.97777677952205,25.512381707077008
22.536249176107887,64.56915995497715,25.646424569520647
22.619680689003,65.88337524094429,25.282245438250083
22.79224753326778,65.45927945146798,25.582970772162007
22.726696741319206,64.61281506171805,25.649542195639235
22.60234726042538,65.39859963247122,25.645903404447317
22.983633641551272,65.3372069907121,25.53195238050601
22.669037650170715,64.9822789808828,25.804639658142808
22.63061352510274,65.7948891226281,25.031438656462836
22.684656728119247,64.41466277167805,25.644774814356857
22.498206620812294,65.17718571779929,25.30416482083945
22.361744232654903,65.55256206447498,25.53381825873528
22.666480758594812,64.70931412982858,25.754162429103882
22.875551789709327,65.44938788139407,25.456867806866736
22.58718592526449,64.14366874198046,25.36074610567557
22.552349168341276,65.21352682411793,25.459293440264474
22.690645923248884,65.19473192229646,25.431675172099446
22.450222219320583,65.9048450103643,25.044343634552295
22.79010651474606,64.86100715224305,25.752278540220786
22.561301934377838,64.16152928112643,25.218364786048287
22.683300179982528,64.87566160654575,25.58049144479376
22.54251164416363,64.67676167673251,25.75725617678581
22.867463670784534,64.68521935523647,25.785145630127936
22.765626001648208,65.41098199368754,25.550662459545325
22.605994513532433,64.82859709355647,25.655598753337454
22.824179296352234,65.51334091051748,25.17977516598413
22.604799577345084,65.34544797939571,25.503349119691567
22.60379023253241,65.28665972788275,25.570555555376068
23.02882290322914,64.469819654109,25.80546377291906
22.879291613297976,64.7846104583962,25.359813990460257
22.609675332465866,65.07020440766617,25.54594272223877
22.434287606902245,64.89800685741743,25.538778462012115
22.5463167645446,64.82911452784157,25.54013545969849
22.57446464435953,64.60011141508858,25.81584563457558
22.71884635874486,64.77239795009339,25.45587902728887
22.735718534119894,65.62829562047962,25.72993048858336
22.605562437151917,65.42437596180403,25.48810102080284
22.695373557014747,64.80006135738378,25.404231173456218
22.866268787783035,65.24961044112388,25.7735134413855
22.568038266955767,64.45387408049812,25.54778904113194
22.97570958246182,65.25439816438383,25.39616882666331
22.650131337913546,65.14454605011116,25.42939390922733
22.52312282669313,65.65887358371455,25.755975801272754
22.619476108601038,65.41939751373651,25.27963467732054
22.561683611999406,64.14680276772818,25.332008320043226
22.859425339804368,65.07307233811488,25.275118455020507
22.57454885099403,64.97333792557112,25.566533489216148
22.47034824978178,65.23585028207648,25.413018887436476
22.581303995369115,64.59567968188787,25.704643009072107
23.02928242576983,65.01615728861762,25.353888748499426
22.18986659089187,57.26217428613841,24.136872860907676
22.304547576101115,56.32485731310593,24.38383993921619
22.424975307440796,55.999196164069005,24.396896728088795
22.41419604937932,57.008615117618426,24.24444920134018
22.289696285234562,56.97746714304574,24.18953958993877
22.515591214768325,56.78463577840338,24.141861882513492
22.13310502645011,57.069866219326904,24.128164387794317
22.452130737779452,56.017476069811515,24.110971364490837
22.26697811202515,56.16198983377013,24.264819272574922
22.875571048863875,56.381147085153714,24.31717652214069
22.27147538752962,56.42147156326896,24.263471082185816
22.091738242614863,56.99482916904002,23.750180961348285
22.4913572739093,56.743850023527955,24.298721524849903
22.309305871624304,57.09983981414491,24.025327201461245
22.07181402793012,57.29842084769699,24.47746168565174
22.499289942948234,56.24067289566299,24.3541933679044
22.134986124715386,57.37876830706062,24.03336802091038
22.099970466410333,57.2768073839685,24.283658087792634
22.3152381427368,56.34705519828624,24.347008085530057
22.155154092464393,56.86430719082424,24.365816066662138
22.174410479678823,56.754378230440146,24.207862672139093
22.087854924620775,57.18847519958133,24.203269040012323
22.312592376746984,56.449875772583525,24.20423631290097
22.202904285098928,56.26836030771674,24.42632779250075
22.257208768045587,55.845386747531435,24.570624809615033
22.47210486405683,56.83443764773682,24.31274778200185
22.501335656188875,56.152866007043514,24.213314860652495
22.079587709252618,56.44080573265461,24.39171473570751
22.378007061901183,56.70886243115241,23.847353966051266
22.14674706313696,56.87471630222052,24.332825330831422
22.402446145680972,56.62159907845354,24.56411189152069
22.223532957836056,56.268290295579206,24.538399660385938
22.10294416304429,56.91052653210493,24.248295402018925
22.53525919621419,56.32480061983871,24.08669317038971
22.031992430483786,56.84055380151261,24.217560672101214
22.011520606314967,57.39389196207641,23.898572325423512
22.14714283332677,57.79758299904833,24.47847977783783
21.9804383002981,56.68296524314759,24.293263557297387
22.406368866738735,56.74930361688132,24.36500197693796
22.48615386802702,57.06340508332987,24.441292395186505
22.55545219628574,56.46996528989152,24.083491155977363
22.03251632244762,56.693136686445094,24.160237348787412
22.21478622003991,56.41255959989595,24.265086585350762
22.274385481341614,57.01098647442113,24.07713779592842
22.516334745816934,57.106865797709766,24.31708406477781
22.25778209398304,57.35589541357348,23.987054654257886
22.636537347593716,56.78100096964826,24.408003502634305
22.516674946827123,56.806732967021794,24.441790278199402
22.29440973033691,56.67588237951386,24.561258022682363
22.48152581508016,56.15577912268851,24.120455623648287
22.41315842852237,56.59196343981357,24.268145412882877
22.10379219135139,57.99482157907842,24.245812259880747
22.19156169437385,56.74482317407834,24.175086058739133
22.394878437596432,56.77295575622415,24.114874872508423
22.580547817443055,56.48060583414902,24.25178075732957
22.111874126539554,55.68196490920121,24.235001301775217
22.438079715286925,55.938546849303535,24.56452433597671
22.369835195637112,57.140089119936704,24.176618320185177
22.214848022807907,56.25690216554911,24.221125718861362
22.48766622844324,57.23055922779443,24.228758942159907
22.323197286439598,56.09194838026982,24.321282844802806
22.38628117224326,56.66728849245612,24.25379189353347
22.129807184381065,56.62350157982474,24.32749892483601
21.992914663487944,57.252122688327,24.19530045498897
22.287217518382842,57.06991966561742,24.178980694040323
22.386997219512345,56.577396728170605,24.136951954473265
22.370432417747033,55.77838052739253,24.25449385685831
22.378888379729148,57.141992188222034,24.26880904399728
22.263107187381735,56.60213970950571,24.282383070014923
22.411564379096674,56.94099200898403,24.169064926621132
22.20405875759126,56.32244709166118,24.02162989048707
21.937143091828663,56.74029725536473,24.547427780730708
22.216122287261644,56.82809718498547,24.30595250346482
22.23875625830304,56.99148151952956,24.412520662919057
22.271970393110337,56.00349298304252,24.621070897655883
22.189587399546383,56.974435239672424,24.236271459441028
22.26505645939705,56.96781201715957,24.059892075715503
22.1232091274117,56.738886443116236,24.10383992732426
22.415466663402604,56.540130593012314,24.550797941150403
22.216505255512732,57.13998432322048,24.526971849041495
22.232627899989325,56.48461845071831,24.136733570524562
22.163204414273203,57.29216552068844,24.044323863618132
22.71474074481866,55.760887016209765,24.358477467331543
22.397866551270106,57.66635511249998,23.93469084156786
22.228642390793038,56.81885227352837,24.126596671770784
22.07873561280756,56.80462336728602,24.410887205929697
22.40984359287306,56.142215050689806,24.33481379052157
22.33056123254717,56.58188962758824,24.17143025495876
22.393020604974943,56.81092298013517,24.348097125525904
22.412167125756515,56.357092911268005,24.199164318458617
22.264043702880304,57.02788415760311,24.409398575172762
22.175151480281468,56.35888902534885,24.480112669070348
22.312445441659484,56.468845392573094,24.23564154054139
22.26039027640137,56.85770669449457,24.147677191008242
22.4266102716105,56.62512955203624,24.18235139515044
22.179617915360808,57.16595079172922,24.198424166252778
22.219943491239885,56.63221957926182,24.204237835864426
22.353067054114717,57.57057152872618,24.05838318539363
22.303089960862955,56.7761051100844,24.323562630603966
22.1841403989371,57.137065634960884,24.190479606372847
22.619146540289577,56.4848537345991,24.401949447980734
22.113465471667446,56.701208420663576,24.200217385813573
22.185722660565137,57.38692859410111,23.952584340826505
22.138499465823514,56.365244791654646,24.252996987060122
22.38843686598852,56.74453994027331,24.596844976552134
22.18940208411082,56.77902454856489,24.155377954830538
22.29944778382044,56.21461050743162,24.416648998670205
22.035161636924688,57.79653897691771,24.081899817813937
22.237448124930513,56.35143217445123,24.158331113199743
22.376619624931106,55.9084729086753,24.302493154888115
22.199466680775625,57.308111473073396,24.019274090635506
22.266724076058644,56.49867873989365,24.312093629408977
22.157767334974334,56.45695909572623,24.15260049012317
22.293061591778695,56.4878657340298,24.409869307578713
22.416236938280367,56.44333076180023,24.222860562065176
22.389905225535262,56.66211477900845,24.40601877322437
22.586145501077606,56.156336577634484,24.213294414997886
22.301733766312573,58.04487330456719,23.987724366504317
22.07756394586901,56.88941759840035,24.45606914199606
22.317434120196868,57.05381262605777,24.051667341179392
22.395359984173247,55.99393495173452,24.43307366772607
22.108583219199563,57.45280398320201,23.847922704433877
22.41235422354552,56.52719611454918,24.180361221385347
22.366440767323596,57.05184612481869,24.421758451688078
22.135156507333225,57.323145606627,24.132572674933325
22.18773510601612,56.7028458055556,24.19165992616609
22.43220756201356,56.29405417848638,24.566773948016806
22.03350350843673,57.900839322197875,23.876359049184998
22.327737224491237,57.072966310966144,24.222092760098317
22.256884189616436,56.41868249119409,24.05792164918291
22.122871564167475,57.402295308055166,24.233621393608363
22.12283340789045,57.13049399590928,24.062423685008163
22.340535211200503,55.839668754121284,24.61548753328155
22.409805113629048,56.21114126496514,24.45410032435902
21.90205189959101,57.411415555789816,24.0816490689358
22.29989979728709,56.433360946377434,24.371290978608098
21.84580979939716,58.058610342533136,23.974784170791995
22.08187859376054,56.84953252142635,23.935530618476097
22.434058177885603,56.571029400921546,24.178975088355298
22.380404817401576,56.84956152502177,23.83114356523198
22.294453616446017,56.70364733111992,24.244119928962473
22.107266445283813,56.74257294597461,24.28725240644228
22.070304459630467,57.31104997665897,24.232816048163695
22.157916552082263,56.84021385224392,24.237534596497913
21.983346345941538,56.85954296224425,24.030052405705362
22.038088200148177,57.15424726705248,24.200935387744387
22.196735971950567,56.24677046022199,24.23019072170826
22.30604606016959,56.9905386125174,24.484884860331096
22.12415590285457,57.26167321966356,24.2520382905893
22.202109293260683,56.607992252688014,24.271283625306644
22.417992626571156,56.38811674589511,24.439149650755144
22.139776319025614,56.772035762402275,24.001338471489756
22.325244379344387,56.67897647614222,24.22051070122751
21.863891373483074,57.225697895764235,24.168885131006903
22.057559518588405,57.38310250225274,24.059055320594574
21.940132224021404,56.957308859201575,24.120221594507377
22.25921704030685,56.69352422259668,24.529311020088613
22.646370088906455,56.3523645824726,24.389661702376404
22.336385355232203,57.03701720067736,24.173926607294167
22.165123977736627,56.276976928289436,24.294326004826104
22.34854218264097,56.301490996035014,23.860601274331707
21.939663772264296,57.18928338334338,24.38297212996552
22.556721298245453,55.910565025798725,24.4402817333791
22.497869766298045,56.381192597665,23.94524695442071
22.26955578783746,56.332389662912284,24.321803792104085
22.06712178536814,56.581122174236256,24.359714668660075
22.649679475083687,56.211169018060595,24.395971459579915
21.947227459363244,57.56512504010848,24.523455319462062
22.193923238618286,56.61625450186406,24.76881260326432
22.421854244034783,56.74480373605237,23.9274202987014
22.191465027814516,57.09369646631349,24.111170355050024
22.278545342366684,57.02175315605044,24.238459046926657
21.947783646138728,55.71575816130345,24.21166845915326
22.22946771791299,56.38981622136964,24.157421937109614
22.114915227948288,56.40426063622867,24.419816946949027
22.427229399935168,56.219074628958474,24.316964257996954
22.468936830135863,56.94098994565707,24.06479052960798
21.966132628130023,57.06924226273307,24.040926885871073
22.17901749352835,57.186860863776346,24.031775286385887
22.28137890576891,57.07500010545214,24.32380104038303
22.33935722026065,55.91519407255333,24.378378411094104
22.133592403714296,57.739114469328534,24.310195963828946
22.391114570941806,56.49188280419872,24.09263665358695
22.455697228120474,57.35053723785856,24.18944820458283
22.15442582149983,56.38552968094356,24.107973204938624
22.041492296194306,57.03780995906125,24.43037469133098
22.50872933957929,57.06740097289276,24.061191028229175
22.203414037330166,57.19786930019016,23.98240483086699
22.342038850482517,56.851374139272984,24.277503666863407
22.500178722980657,56.86830638304002,24.45542695939611
22.26330724468315,56.39206797189097,24.126049775761242
22.2267909848873,56.92542400702633,24.223885614614705
22.289243852302825,56.776882506888434,24.08149285008469
22.237497464546138,56.251112229431165,24.405741060036764
22.186707529926714,57.2443186985305,24.26516881585773
22.212995873584088,56.49649306531102,24.288020706799408
22.06920972251002,56.62642961870375,24.353254263399002
22.275205615123156,56.87888116459764,24.38977687521507
22.215801882649995,56.861318771427825,24.225586368136096
22.36645610463703,56.676080973292805,23.911339099244323
22.566217777937577,56.281882916649764,24.312529526077338
22.381864762390506,56.34581320665121,24.25897636577476
22.183844586284785,57.260042179875676,24.201112206196292
22.292337258424368,56.82927996888678,24.084126203680466
22.298944861557477,56.56504360366262,24.116136727830636
21.96506946019757,56.78633570148008,24.10713983990468
22.434871626143977,57.04280787423165,24.32752878477173
22.313142514334103,56.144676243853354,24.071538908618457
22.314143198119293,56.25865477359409,24.298459060544698
22.381418353474153,56.20084899100299,24.183654847020026
21.999535843063974,56.82902304576935,24.01658969799463
22.45849482320343,57.078015183254614,24.03609146204244
22.6238336611601,56.346546133550895,24.312558422236197
22.31741290899731,56.135904206274034,24.334812643265483
22.554772764891723,57.10850041269943,23.88919164858077
22.333898552059512,57.05392052317218,24.39239803219425
22.04277201581185,56.457368379901254,24.2019763614395
22.270808022533355,55.750177196319996,24.53850018761474
22.24701707112016,56.96228965223363,23.996197434264435
22.264931333274937,56.77900335170657,24.30479626050182
22.1935300295461,56.642343271882545,24.54111966397813
22.42676132844712,57.029650260415394,24.323956993402394
22.181692098162245,56.70716634006907,24.591357208127
22.243918406666182,56.8956702979151,24.16625922004655
22.204767174706273,56.9505597887259,24.191326416162898
22.408327327940977,56.515137581253484,24.44427950616308
22.498402457557503,56.27789110520359,24.340742740093273
22.010017378496,57.75791301234529,24.07916078195005
22.3102940028177,57.384590718165114,24.325141579767216
22.57089895397337,56.175547087592626,24.10488950131954
22.091931838926236,56.90970245340587,24.269394108237776
22.185460114208194,56.096100791474804,24.378529007428508
22.39252064341387,55.88419739266034,24.383641674725986
22.353889227354678,57.00034058889197,24.032326475686606
22.553489129232606,56.124293712590536,24.532426422665484
22.00793731310629,57.1940395047338,24.301488400919006
21.975402050065252,57.46299460621061,24.10480225861168
22.401014484206446,56.390956633990434,24.34177929607484
22.26062497996401,56.842933357758085,24.128072120691417
22.225352893642917,56.065545426550266,24.189990946821283
22.372195713359815,56.900878459800026,24.000376082353217
22.108636588220243,57.1587633767216,24.60694119910951
22.44539806499763,56.4427514472092,24.314189163859865
21.924996935021507,56.954084475825276,24.29867981241267
22.073461518304867,56.26607851442307,24.212120282278583
22.301168292507672,55.49785463070927,24.373770558360963
22.069450104487096,56.618959018088084,24.012467226812394
22.459343187071063,57.0119755917857,23.96176414253642
21.822123891815565,56.999026096378024,24.104043899410897
22.339270087900832,57.36192096935375,24.166296938967875
22.20132220360491,56.28500424311663,24.550114753868048
22.579948722117265,56.051299145492386,24.387598801949096
22.39343907195957,57.07011944038319,24.60490911155023
22.2089329775443,57.03854777948927,24.38934215860749
22.229117144635616,56.70730523306194,24.292253016155097
22.35279713648303,56.85885731573921,24.285196814467543
22.223269880771753,57.10954664014947,24.246671564195346
22.342437944897668,56.56091119189311,24.190868323483198
22.26640298509814,56.91930340841928,24.130914987004495
22.166940944033247,57.03501131138562,24.11005901049219
22.59301897747566,56.338650843417476,24.3963567702165
22.16810786187007,56.97780122223196,24.583366119918818
22.12490624897171,56.410412539278916,24.30287811770249
21.853196768832454,57.18192767195719,24.039138015452092
21.943159632089905,56.88455988636652,24.07000535930767
22.200169133519292,56.30282926375801,24.246527413995718
22.47094657878185,56.619238335945155,24.188098414930266
22.13713897429737,57.42506271374724,24.06763045027131
22.471548279122413,57.06378434457313,24.421528746930516
22.370510309630312,57.25081407175669,24.197496607572894
22.45580036853563,56.75170377947171,24.51870261880934
22.308861537727157,57.33468389219499,24.15612070368613
22.445738908120724,56.18882929436702,24.79984506655512
22.21089480242359,56.680171274662214,24.27110195485831
22.207824063824,57.26404175301602,24.46382706185981
22.3506299313944,55.935112822913844,24.383208771462495
22.185708138308286,56.79393538351348,24.53886040656662
22.10201345598632,56.04338786312816,24.155595410761205
22.276858295051714,56.685354099369654,24.217544167701057
22.3096862217898,57.102209877963105,24.51631882217737
22.02521788845906,56.305140750954514,24.298315858563537
22.572390996721538,56.88550611865567,24.28298217399681
22.270994562820704,56.99275615131575,24.420954731094508
22.48531372912527,56.206719368850905,24.4575561930931
22.087554025728505,56.97319413520434,24.23348599911162
22.37532757684819,56.760029019443394,24.51536833702746
22.093400634566578,56.41688143623789,24.42632872819711
22.000724397333403,56.117159777183964,24.07540332556913
22.373773194531815,57.453448387645544,23.968906916008194
22.298729362842288,56.57811764573159,24.16102935993645
22.287087832784184,56.97279558872369,24.384600610490203
22.03466375436776,56.522579016615346,24.313574719884727
22.352281923496765,56.936378127190906,24.181015299053687
22.496716236512505,56.62916069712166,24.581619139625975
22.10955228804854,58.07295863551074,24.21871007938488
22.434217180781065,56.31177654710069,23.90475431429794
22.4103070600846,56.36250182719294,24.566517240002167
22.21404740936109,57.046555176132514,24.337177737407366
22.221060455351978,56.906184038247936,24.40014942877438
22.20072888811056,56.46353795426275,24.78015364850978
